POS,REF,A,C,G,T
63,C,0,0,2,5.0
78,C,3,4,1,7.0
94,C,10,1,0,8.0
98,C,1,5,0,10.0
127,C,11,0,1,6.0
129,C,2,0,2,15.0
140,C,6,8,3,18.0
146,C,0,0,1,34.0
152,C,6,1,0,29.0
158,C,1,0,24,10.0
184,C,1,4,2,31.0
186,C,0,0,0,13.0
194,C,1,5,2,28.0
197,C,0,0,25,9.0
203,C,0,5,2,31.0
238,C,0,10,2,26.0
245,C,0,0,25,6.0
259,C,1,10,1,25.0
275,C,0,2,0,36.0
277,C,1,0,2,33.0
296,C,0,0,6,7.0
319,C,1,0,3,5.0
325,C,1,1,1,27.0
347,C,0,1,12,2.0
356,C,3,0,0,23.0
433,C,1,1,0,3.0
442,C,1,0,0,2.0
462,C,0,0,0,4.0
464,C,0,0,0,4.0
475,C,0,0,0,3.0
487,C,1,0,0,2.0
499,C,0,0,0,4.0
506,C,0,1,1,2.0
515,C,1,0,1,1.0
544,C,1,0,0,2.0
553,C,0,0,0,2.0
582,C,0,0,0,2.0
669,C,0,0,0,2.0
687,C,0,0,0,3.0
716,C,1,0,1,0.0
725,C,0,1,0,1.0
737,C,0,0,0,0.0
778,C,0,0,0,0.0
808,C,0,0,0,1.0
815,C,0,0,0,1.0
